title,url,date
「SaaSの死」に3つの疑問　再び株価急落、震源はAnthropicのAI新機能,https://active.nikkeibp.co.jp//atcl/act/19/00759/030500001/,2026.04.07
ロボットの殴り合いに熱気、フィジカルAI盛況に垣間見えた人の性（さが）,https://active.nikkeibp.co.jp//atcl/act/19/00131/030500078/,2026.04.07
Excelで「壁打ち」、Copilotを相手にブレーンストーミングして分析を深める,https://active.nikkeibp.co.jp//atcl/act/19/00142/030500308/,2026.04.07
ずらし重ねで雰囲気が激変！ Wordで「映える」チラシタイトル文字の作り方,https://active.nikkeibp.co.jp//atcl/act/19/00485/021600035/,2026.04.07
保証期間後にPCの故障続出！ 人材サービスのグロップがとった根本的対策とは,https://active.nikkeibp.co.jp//atcl/wp/b/26/03/31/06163/,2026.04.07
基幹システム再構築の現実解、「ERP×ノーコードツール」の妥当性とメリット,https://active.nikkeibp.co.jp//atcl/wp/b/26/03/31/06164/,2026.04.07
勘に頼った見積もり・価格交渉とおさらばするには？ デモを交えて動画で解説,https://active.nikkeibp.co.jp//atcl/wp/b/26/03/31/06161/,2026.04.07
AIサイバーリスクに「内製化」で対抗する方法、国内2社が確認した効果は？,https://active.nikkeibp.co.jp//atcl/wp/b/26/03/31/06168/,2026.04.07
ランサムウエア対策の実態も明らかに、PC運用・管理の担当者1030人に聞く,https://active.nikkeibp.co.jp//atcl/wp/b/26/03/31/06166/,2026.04.07
待ったなしのサプライチェーンリスク対策、脆弱性診断のコスト問題はこう解決,https://active.nikkeibp.co.jp//atcl/wp/b/26/03/31/06167/,2026.04.07
